natural_gas_plan_name,natural_gas_daily_charge
Methane PlanId 161160,1.04439
Default Natural Gas Plan,1.6
Methane PlanId 172326,1.642206
Methane PlanId 172328,1.642206
Methane PlanId 172250,1.2538049999999998
Methane PlanId 172057,0.682025
Methane PlanId 172053,1.2538049999999998
Methane PlanId 172244,0.682025
Methane PlanId 172266,1.2538049999999998
Methane PlanId 172054,1.2538049999999998
Methane PlanId 161182,1.11224
Methane PlanId 161161,1.0984399999999999
Methane PlanId 172205,0.682025
