natural_gas_plan_name,natural_gas_fixed_rate
Methane PlanId 161160,1.04439
Default Natural Gas Plan,1.6
Methane PlanId 161159,1.94829
Methane PlanId 161165,1.94829
Methane PlanId 161166,1.5549899999999999
Methane PlanId 161161,1.0984399999999999
Methane PlanId 161192,1.5710899999999999
Methane PlanId 161175,1.5549899999999999
Methane PlanId 161190,1.5549899999999999
Methane PlanId 161171,1.65734
Methane PlanId 161182,1.11224
Methane PlanId 161167,1.01449
