daily_charge,nzd_per_kwh.Uncontrolled
2.0148264743816258,0.13769208038869257
