Period,kWh
Day,25.617271978021908
Night,6.649574175824205
